spec,est,se,lo,hi,p,h,n,M
"Main: local linear, MSE-optimal bandwidth",-0.04027521229339115,0.0300275411309079,-0.10100583830609039,0.016699960015658814,0.1603756671858035,4.320184760574764,11978,NA
Year fixed effects,-0.03925029714455589,0.029930121415926096,-0.09965970298216621,0.017664217074085997,0.17075494814933465,4.337625651843414,11978,NA
"Covariates: year, sex, schooling, area, indigenous",-0.02504477456644265,0.027298014967866702,-0.07268630757671597,0.03431994479619212,0.48222294732651694,4.414241865169297,11978,NA
Honest CI (Armstrong-Kolesár bound),-0.04581139556631338,0.02412709527367398,-0.10180561902149303,0.010182827888866264,0.11330118014374002,4.11302694446717,11978,0.007856589025870596
"Local randomization, age 59 vs 60",-0.056220935917369715,0.02067854173348917,-0.09675087771500848,-0.01569099411973094,0.006594152871384312,NA,2674,NA
Donut: excluding age 60,-0.05375565362439083,0.03297835153572663,-0.12133088504952777,0.007941877509522965,0.08558832801662718,5.260294962878211,13468,NA
Threshold at age 61,-0.0367826238830673,0.0303151675111792,-0.08919931888360111,0.029633954130818818,0.3258855778914258,4.78518234077456,11932,NA
Fuzzy: receipt as treatment,-0.053219136983654686,0.03964055355732452,-0.13453504044210257,0.020853074157071758,0.15159796945415113,4.320184760574764,11978,NA
Excluding contributory pensioners,-0.017756928356273294,0.028904388225234248,-0.07764573099496129,0.03565738883828416,0.4676355005522769,4.450840055354999,10971,NA
