age,n,ratio
45,2302,NA
46,1669,0.8340829585207397
47,1700,0.951048951048951
48,1906,1.154801575280218
49,1601,0.827390180878553
50,1964,1.327027027027027
51,1359,0.7518672199170124
52,1651,1.1856373429084381
53,1426,0.9033892936331961
54,1506,1.0210169491525423
55,1524,1.056865464632455
56,1378,0.9888769285970578
57,1263,0.8789144050104384
58,1496,1.1637495138078569
59,1308,0.9140461215932913
60,1366,1.0871468364504575
61,1205,0.8552164655784245
62,1452,1.1528384279475983
63,1314,0.9924471299093656
64,1196,0.9040060468631897
65,1332,1.2655581947743468
66,909,0.7809278350515464
67,996,1.0495258166491044
68,989,1.0952380952380953
69,810,0.817768803634528
70,992,1.3617021276595744
71,647,0.7348097671777399
72,769,1.1867283950617284
73,649,0.9083275017494752
74,660,0.9962264150943396
75,676,NA
