test,est,se,lo,hi,p,h,n,M
"Placebo, employment at 54",-0.01726846889706426,0.021074997123940953,-0.068349741795502,0.033812804001373487,0.5369054019809428,4.11302694446717,13567,0.007856589025870596
"Placebo, employment at 56",0.030117908980066162,0.022300925486885222,-0.02228939956734857,0.08252521752748089,0.27611780349305665,4.11302694446717,11552,0.007856589025870596
"Placebo, employment at 58",-0.054088680013909506,0.025742355473623014,-0.11075207254582767,0.0025747125180086497,0.061747996611052,4.11302694446717,8475,0.007856589025870596
"Placebo, employment at 62",0.02277124098496452,0.03822374175783169,-0.05487351803679538,0.10041600000672443,0.5660385827096165,4.11302694446717,8774,0.007856589025870596
"Placebo, employment at 64",0.028024039173176862,0.028397862554208925,-0.03541962979845574,0.09146770814480946,0.39662402204592095,4.11302694446717,10759,0.007856589025870596
"Placebo, employment at 66",-0.055340156443507586,0.029518900907283156,-0.12093762929323601,0.010257316406220844,0.10024994599983049,4.11302694446717,9990,0.007856589025870596
"Placebo, extreme poverty at 54",0.0023750351480817944,0.018278775845413233,-0.04062646404642581,0.0453765343425894,0.9187715043615674,4.058114758884502,13553,0.006553908648039672
"Placebo, extreme poverty at 56",0.005261819138248866,0.01893459233784531,-0.038519613546623754,0.049043251823121484,0.8221094911565573,4.058114758884502,11541,0.006553908648039672
"Placebo, extreme poverty at 58",0.01645775016865414,0.019575725384388336,-0.027017309072889822,0.0599328094101981,0.4673528142418157,4.058114758884502,8469,0.006553908648039672
"Placebo, extreme poverty at 62",0.026344326331397043,0.020013180553180635,-0.016237439299965573,0.06892609196275966,0.2279700687206872,4.058114758884502,8766,0.006553908648039672
"Placebo, extreme poverty at 64",-0.007653718054198424,0.014586809275908934,-0.04433673479026981,0.02902929868187296,0.7158187690916632,4.058114758884502,10751,0.006553908648039672
"Placebo, extreme poverty at 66",-0.0018138761480078174,0.013840112460577455,-0.03741661862250866,0.03378886632649302,0.9318742887929986,4.058114758884502,9986,0.006553908648039672
